CIP 15.0000 Engineering Technology — Competency Crosswalk,,,,,,,,,,,,,,,,,,,,,,,,,,,,,,
Source: Michigan Perkins V / CTE Instructional Design Form (2026),,,,,,,,,,,,,,,,,,,,,,,,,,,,,,
Last updated: 2026-08-30,,,,,,,,,,,,,,,,,,,,,,,,,,,,,,
"NOTE: Updated 2026-08-30 to reflect actual 2026-27 curriculum. Unit numbering now matches portfolio (Units 1–9). Programming language is MicroPython (not C++). Rapid Prototyping integrated into Unit 2. Units 5 (AI/ML), 7 (Electrical), and 8 (Mechanisms) added. C3 gap resolved by Unit 8. C4 still open — standard scope pending confirmation.",,,,,,,,,,,,,,,,,,,,,,,,,,,,,,
,,,,,,,,,,,,,,,,,,,,,,,,,,,,,,
,,PCC A — Engineering Fundamentals & Communication,,,,,,,PCC B — Engineering Design Process,,,,,,,,PCC C — Advanced Engineering Concepts,,,,,,,Career Ready Practices (Required All CTE — not reported in CTEIS),,,,,
Unit #,Unit Title,A1,A2,A3,A4,A5,A6,A7,B1,B2,B3,B4,B5,B6,B7,B8,C1,C2,C3,C4,C5,C6,C7,PS,CL,PM1,PM2,CM,Notes
0,Career Ready Practices — Engineering Careers & Financial Literacy,,,X,,,,,,,,,,,,,,,,,,,,,,X,X,X,X,X,"Integrated with Unit 6 (Career Readiness) as ongoing work throughout the year. D1.0 Start-of-Year Checklist launches career exploration in Week 1; Unit 6 deliverables extend through the year. BLS.gov career research + paycheck/budget analysis + written reflection. PM1 coverage pending confirmation with counseling dept — see GAPS."
1,Engineering Design Process,,,X,,X,,X,X,X,X,,,,X,,,,,,X,X,,,X,X,,X,,"Paper glider / spaghetti tower / design brief / decision matrix / Pugh Matrix. EDP = B1–B3–B7 loop. ~2 weeks. Note: C1 and C4 removed — were data entry errors in prior version."
2,"CAD, 3D Printing & Rapid Prototyping",X,X,,X,,X,X,,,,X,X,X,,X,X,,,,,X,X,,,,,,"Fusion 360: sketching → 3D modeling → assemblies → technical drawings. 3D printing: slicing, queue, print iteration with calipers. CNC router introduction. Component-based robot CAD (C1–C7 components). Version naming. Rapid Prototyping was a separate unit in prior crosswalk — now fully integrated. C7 partial (3D solid modeling only; simulation not yet implemented). ~7–9 weeks."
3,Shop Safety & Standard Practices,,,,,,,,,,,,,,,,X,,,,,,,,X,X,,,,OSHA / LOTO / PPE / SDS / safety contract. Tool certification required before build phase. ~1 week.
4,Programming & Robotics (MicroPython),X,X,,X,,X,X,,,,X,X,X,,X,X,X,,,,,,X,X,X,,,,MicroPython on Raspberry Pi Pico 2W. Variables / loops / conditionals / functions / classes. Motor control. IR sensors / ultrasonic distance / line following / PID control. Combines former crosswalk Units 5 (Programming) + 6 (Sensors & Robot Behaviors). Language updated from C++ to MicroPython. ~14 weeks.
5,AI & Machine Learning,,X,X,,,,,,,,,X,,,,,X,,,,,,X,X,,,X,,"Teachable Machine: image classification — data collection, model training, testing, iteration. AI ethics and societal implications written reflection. Computer vision basics. PM2: explicit career connection to AI/ML fields."
6,Career Readiness,,,X,,,,,,,,,,,,X,,,,,,X,,,X,X,X,X,X,"Ongoing throughout year. Career exploration (BLS.gov engineering + trades), paycheck/budget analysis, portfolio reflections connecting student work to career pathways. Deliverables: career brief, financial literacy activity, portfolio reflection. Framework established in Unit 0."
7,Electrical Systems,,X,,X,,,,,,,,X,X,,,,,X,,,,,,X,X,,,,Multimeter lab (voltage / current / resistance / continuity). Breadboards. LED circuits + current-limiting resistor calculations. Ohm's Law (V=IR). Series vs. parallel circuits. Equivalent resistance. Kirchhoff's Voltage and Current Laws. ~2 weeks.
8,Mechanisms,,X,,X,,,,,,,,X,X,,X,X,,X,,,,,,X,,,,,Simple machines + IMA calculations. Mechanical advantage (IMA vs. AMA). Pulley systems. Gear ratios + multi-stage gear trains. Tug of War design challenge (design → build → test). Servo Build Project (design brief → fabricate → demonstrate). Primary C3 coverage unit. ~6 weeks.
9,Capstone Project,,,X,,,X,X,,,,,X,X,X,X,,,,,,,X,,X,,,X,"Portfolio reflections R1/R2/R3. Community Engineering / Applied Fabrication / Creative Fabrication tracks. Professional presentation + sustainability reflection."
,,,,,,,,,,,,,,,,,,,,,,,,,,,,,,
YEAR 2 TRACK (not Year 1),,,,,,,,,,,,,,,,,,,,,,,,,,,,,,
8-Y2,FIRST Robotics Competition,,,X,,,,,X,X,X,X,X,X,X,X,,,X,,X,X,X,,X,,,X,"Reserved for Year 2 — accountability and FIRST season timing coordination needed before re-integrating as coursework."
,,,,,,,,,,,,,,,,,,,,,,,,,,,,,,
COVERAGE CHECK — YEAR 1,,,,,,,,,,,,,,,,,,,,,,,,,,,,,,
A codes,"A1=U2/4, A2=U2/4/5/7/8, A3=U0/1/5/6/9, A4=U2/3/4/7/8, A5=U1/4, A6=U2/4/9, A7=U1/2/4/9",,,,,,,,,,,,,,,,,,,,,,,,,,,,
B codes,"B1=U1, B2=U1, B3=U1/2, B4=U2/4, B5=U2/4/5/7/8, B6=U2/4/7/8, B7=U1/9, B8=U2/8",,,,,,,,,,,,,,,,,,,,,,,,,,,,
C codes,"C1=U2/3/4, C2=U4/5/7, C3=U8, C4=GAP (pending standard scope confirmation), C5=U1, C6=U1/2/6/9, C7=PARTIAL — U2 modeling only; simulation pre-lab not yet implemented",,,,,,,,,,,,,,,,,,,,,,,,,,,,
CRP,"PS=U0/1/3/4/5/7/8, CL=U0/1/6/9, PM1=U0/6 (pending dept confirmation), PM2=U0/1/5/6, CM=U0/6/9",,,,,,,,,,,,,,,,,,,,,,,,,,,,
,,,,,,,,,,,,,,,,,,,,,,,,,,,,,,
GAPS TO ADDRESS,,,,,,,,,,,,,,,,,,,,,,,,,,,,,,
C3 (mechanical systems),"RESOLVED — Unit 8 (Mechanisms) covers simple machines, pulleys, gear ratios, and servo build project.",,,,,,,,,,,,,,,,,,,,,,,,,,,
C4 (civil/structural systems),"OPEN — No unit covers civil or structural engineering. Pending confirmation of C4 standard scope (civil only, structural only, or both) before designing content. See todo.",,,,,,,,,,,,,,,,,,,,,,,,,,,
C7 (simulation),"OPEN — 3D solid modeling in Unit 2 provides partial credit. Wokwi.com simulation pre-lab for Unit 4 (electronics breadboard) recommended to close the gap. Not yet implemented.",,,,,,,,,,,,,,,,,,,,,,,,,,,
PM1 (personal financial literacy),"PENDING — Unit 0/Unit 6 include paycheck analysis and budgeting. Confirm whether this satisfies PM1 on the Instructional Design Form, or whether counseling / another dept already claims it system-wide.",,,,,,,,,,,,,,,,,,,,,,,,,,,
PM2 (career paths),"ADDRESSED — Unit 5 (AI/ML careers) and Unit 6 (Career Readiness deliverables) both explicitly connect student work to career pathways. Portfolio reflections reinforce throughout.",,,,,,,,,,,,,,,,,,,,,,,,,,,
CL (collaboration),"PARTIALLY ADDRESSED — Explicitly structured in Units 0/1/6/9. Units 4 and 8 involve teamwork informally; consider formally structuring a collaborative activity to earn the tag.",,,,,,,,,,,,,,,,,,,,,,,,,,,
CM (communication),"ADDRESSED — Units 0/6/9 tagged. Technical portfolio documentation and written reflections throughout the year provide additional coverage.",,,,,,,,,,,,,,,,,,,,,,,,,,,
,,,,,,,,,,,,,,,,,,,,,,,,,,,,,,
ACTION ITEMS,,,,,,,,,,,,,,,,,,,,,,,,,,,,,,
1,"Unit 2 (CAD) scope — 7–9 weeks in 2026-27 (component-based robot CAD justifies the length). Prior target of 3-4 weeks was based on a simpler scope. No action needed — update documentation expectation.",,,,,,,,,,,,,,,,,,,,,,,,,,,
2,Add Wokwi simulation pre-lab to Unit 4 (before breadboard activities) → fully closes C7 gap.,,,,,,,,,,,,,,,,,,,,,,,,,,,
3,"Confirm C4 standard scope (civil, structural, or both), then design a unit or module. Placement TBD.",,,,,,,,,,,,,,,,,,,,,,,,,,,
4,C3 (mechanical systems) — RESOLVED by Unit 8.,,,,,,,,,,,,,,,,,,,,,,,,,,,
5,Confirm PM1 coverage with school counselor / check whether another dept claims it on the Instructional Design Form.,,,,,,,,,,,,,,,,,,,,,,,,,,,
6,PM2 reinforcement — ADDRESSED via Unit 5 (AI careers) and Unit 6 (Career Readiness deliverables).,,,,,,,,,,,,,,,,,,,,,,,,,,,
7,Coordinate FIRST Robotics (Year 2) — resolve FIRST season timing and accountability structure before reintroducing as coursework.,,,,,,,,,,,,,,,,,,,,,,,,,,,
8,Update official syllabus to match actual unit sequence — DONE (2026-08-30).,,,,,,,,,,,,,,,,,,,,,,,,,,,
